State - Place,Year,Population,LikithVinayaka - Rank
 NY - New York City,1990,7322564,1
 CA - Los Angeles,1990,3485398,2
 IL - Chicago,1990,2783726,3
 TX - Houston,1990,1630553,4
 PA - Philadelphia,1990,1585577,5
 CA - San Diego,1990,1110549,6
 MI - Detroit,1990,1027974,7
 TX - Dallas,1990,1006877,8
 AZ - Phoenix,1990,983403,9
 TX - San Antonio,1990,935933,10
 CA - San Jose,1990,782248,11
 MD - Baltimore,1990,736014,12
 IN - Indianapolis,1990,731327,13
 CA - San Francisco,1990,723959,14
 FL - Jacksonville,1990,635230,15
 OH - Columbus,1990,632910,16
 WI - Milwaukee,1990,628088,17
 TN - Memphis,1990,610337,18
 DC - Washington,1990,606900,19
 MA - Boston,1990,574283,20
 WA - Seattle,1990,516259,21
 TX - El Paso,1990,515342,22
 OH - Cleveland,1990,505616,23
 LA - New Orleans,1990,496938,24
 TN - Nashville-Davidson,1990,488374,25
 CO - Denver,1990,467610,26
 TX - Austin,1990,465622,27
 TX - Fort Worth,1990,447619,28
 OK - Oklahoma City,1990,444719,29
 OR - Portland,1990,437319,30
 MO - Kansas City,1990,435146,31
 CA - Long Beach,1990,429433,32
 AZ - Tucson,1990,405390,33
 MO - St. Louis,1990,396685,34
 NC - Charlotte,1990,395934,35
 GA - Atlanta,1990,394017,36
 VA - Virginia Beach,1990,393069,37
 NM - Albuquerque,1990,384736,38
 CA - Oakland,1990,372242,39
 PA - Pittsburgh,1990,369879,40
 CA - Sacramento,1990,369365,41
 MN - Minneapolis,1990,368383,42
 OK - Tulsa,1990,367302,43
 HI - Honolulu,1990,365272,44
 OH - Cincinnati,1990,364040,45
 FL - Miami,1990,358548,46
 CA - Fresno,1990,354202,47
 NE - Omaha,1990,335795,48
 OH - Toledo,1990,332943,49
 NY - Buffalo,1990,328123,50
 KS - Wichita,1990,304011,51
 CA - Santa Ana,1990,293742,52
 AZ - Mesa,1990,288091,53
 CO - Colorado Springs,1990,281140,54
 FL - Tampa,1990,280015,55
 NJ - Newark,1990,275221,56
 MN - Saint Paul,1990,272235,57
 KY - Louisville,1990,269063,58
 CA - Anaheim,1990,266406,59
 AL - Birmingham,1990,265968,60
 TX - Arlington,1990,261721,61
 VA - Norfolk,1990,261229,62
 NV - Las Vegas,1990,258295,63
 TX - Corpus Christi,1990,257453,64
 FL - St. Petersburg,1990,238629,65
 NY - Rochester,1990,231636,66
 NJ - Jersey City,1990,228537,67
 CA - Riverside,1990,226505,68
 AK - Anchorage,1990,226338,69
 KY - Lexington,1990,225366,70
 OH - Akron,1990,223019,71
 CO - Aurora,1990,222103,72
 LA - Baton Rouge,1990,219531,73
 CA - Stockton,1990,210943,74
 NC - Raleigh,1990,207951,75
 VA - Richmond,1990,203056,76
 LA - Shreveport,1990,198525,77
 MS - Jackson,1990,196637,78
 AL - Mobile,1990,196278,79
 IA - Des Moines,1990,193187,80
 NE - Lincoln,1990,191972,81
 WI - Madison,1990,191262,82
 MI - Grand Rapids,1990,189126,83
 NY - Yonkers,1990,188082,84
 FL - Hialeah,1990,188004,85
 AL - Montgomery,1990,187106,86
 TX - Lubbock,1990,186206,87
 NC - Greensboro,1990,183521,88
 OH - Dayton,1990,182044,89
 CA - Huntington Beach,1990,181519,90
 TX - Garland,1990,180650,91
 CA - Glendale,1990,180038,92
 GA - Columbus,1990,178681,93
 WA - Spokane,1990,177196,94
 WA - Tacoma,1990,176664,95
 AR - Little Rock,1990,175795,96
 CA - Bakersfield,1990,174820,97
 CA - Fremont,1990,173339,98
 IN - Fort Wayne,1990,173072,99
 VA - Arlington,1990,170936,100
 NY - New York City,1980,7071639,1
 CA - Los Angeles,1980,2966850,2
 IL - Chicago,1980,3005072,3
 TX - Houston,1980,1595138,4
 PA - Philadelphia,1980,1688210,5
 CA - San Diego,1980,875538,6
 MI - Detroit,1980,1203339,7
 TX - Dallas,1980,904078,8
 AZ - Phoenix,1980,789704,9
 TX - San Antonio,1980,785880,10
 CA - San Jose,1980,629442,11
 MD - Baltimore,1980,786775,12
 IN - Indianapolis,1980,700807,13
 CA - San Francisco,1980,678974,14
 FL - Jacksonville,1980,540920,15
 OH - Columbus,1980,564871,16
 WI - Milwaukee,1980,636212,17
 TN - Memphis,1980,646356,18
 DC - Washington,1980,638333,19
 MA - Boston,1980,562994,20
 WA - Seattle,1980,493846,21
 TX - El Paso,1980,425259,22
 OH - Cleveland,1980,573822,23
 LA - New Orleans,1980,557515,24
 TN - Nashville-Davidson,1980,455651,25
 CO - Denver,1980,492365,26
 TX - Austin,1980,345496,27
 TX - Fort Worth,1980,385164,28
 OK - Oklahoma City,1980,403213,29
 OR - Portland,1980,366383,30
 MO - Kansas City,1980,448159,31
 CA - Long Beach,1980,361334,32
 AZ - Tucson,1980,330537,33
 MO - St. Louis,1980,453085,34
 NC - Charlotte,1980,314447,35
 GA - Atlanta,1980,425022,36
 VA - Virginia Beach,1980,262199,37
 NM - Albuquerque,1980,331767,38
 CA - Oakland,1980,339337,39
 PA - Pittsburgh,1980,423938,40
 CA - Sacramento,1980,275741,41
 MN - Minneapolis,1980,370951,42
 OK - Tulsa,1980,360919,43
 HI - Honolulu,1980,365048,44
 OH - Cincinnati,1980,385457,45
 FL - Miami,1980,346865,46
 CA - Fresno,1980,218202,47
 NE - Omaha,1980,314255,48
 OH - Toledo,1980,354635,49
 NY - Buffalo,1980,357870,50
 KS - Wichita,1980,279272,51
 CA - Santa Ana,1980,203713,52
 CO - Colorado Springs,1980,215150,53
 FL - Tampa,1980,271523,54
 NJ - Newark,1980,329248,55
 MN - Saint Paul,1980,270230,56
 KY - Louisville,1980,298451,57
 CA - Anaheim,1980,219311,58
 AL - Birmingham,1980,284413,59
 TX - Arlington,1980,160113,60
 VA - Norfolk,1980,266979,61
 NV - Las Vegas,1980,164674,62
 TX - Corpus Christi,1980,231999,63
 FL - St. Petersburg,1980,238647,64
 NY - Rochester,1980,241741,65
 NJ - Jersey City,1980,223532,66
 CA - Riverside,1980,170876,67
 AK - Anchorage,1980,174431,68
 KY - Lexington,1980,204165,69
 OH - Akron,1980,237177,70
 CO - Aurora,1980,158588,71
 LA - Baton Rouge,1980,219419,72
 VA - Richmond,1980,219214,73
 LA - Shreveport,1980,205820,74
 MS - Jackson,1980,202895,75
 AL - Mobile,1980,200452,76
 IA - Des Moines,1980,191003,77
 NE - Lincoln,1980,171932,78
 WI - Madison,1980,170616,79
 MI - Grand Rapids,1980,181843,80
 NY - Yonkers,1980,195351,81
 AL - Montgomery,1980,177857,82
 TX - Lubbock,1980,173979,83
 OH - Dayton,1980,203371,84
 CA - Huntington Beach,1980,170505,85
 GA - Columbus,1980,169441,86
 WA - Spokane,1980,171300,87
 WA - Tacoma,1980,158501,88
 AR - Little Rock,1980,158461,89
 IN - Fort Wayne,1980,172196,90
 TN - Knoxville,1980,175030,91
 NY - Syracuse,1980,170105,92
 TN - Chattanooga,1980,169565,93
 LA - Metairie,1980,164160,94
 UT - Salt Lake City,1980,163033,95
 MA - Worcester,1980,161799,96
 MI - Warren,1980,161134,97
 KS - Kansas City,1980,161087,98
 MI - Flint,1980,159611,99
 RI - Providence,1980,156804,100
 NY - New York City,1970,7894862,1
 CA - Los Angeles,1970,2816061,2
 IL - Chicago,1970,3366957,3
 TX - Houston,1970,1232802,4
 PA - Philadelphia,1970,1948609,5
 CA - San Diego,1970,696769,6
 MI - Detroit,1970,1511482,7
 TX - Dallas,1970,844401,8
 AZ - Phoenix,1970,581562,9
 TX - San Antonio,1970,654153,10
 CA - San Jose,1970,445779,11
 MD - Baltimore,1970,905759,12
 IN - Indianapolis,1970,744624,13
 CA - San Francisco,1970,715674,14
 FL - Jacksonville,1970,528865,15
 OH - Columbus,1970,539677,16
 WI - Milwaukee,1970,717099,17
 TN - Memphis,1970,623530,18
 DC - Washington,1970,756510,19
 MA - Boston,1970,641071,20
 WA - Seattle,1970,530831,21
 TX - El Paso,1970,322261,22
 OH - Cleveland,1970,750903,23
 LA - New Orleans,1970,593471,24
 TN - Nashville-Davidson,1970,448003,25
 CO - Denver,1970,514678,26
 TX - Austin,1970,251808,27
 TX - Fort Worth,1970,393476,28
 OK - Oklahoma City,1970,366481,29
 OR - Portland,1970,382619,30
 MO - Kansas City,1970,507087,31
 CA - Long Beach,1970,358633,32
 AZ - Tucson,1970,262933,33
 MO - St. Louis,1970,622236,34
 NC - Charlotte,1970,241178,35
 GA - Atlanta,1970,496973,36
 VA - Virginia Beach,1970,172106,37
 NM - Albuquerque,1970,243751,38
 CA - Oakland,1970,361561,39
 PA - Pittsburgh,1970,520117,40
 CA - Sacramento,1970,254413,41
 MN - Minneapolis,1970,434400,42
 OK - Tulsa,1970,331638,43
 HI - Honolulu,1970,324871,44
 OH - Cincinnati,1970,452524,45
 FL - Miami,1970,334859,46
 CA - Fresno,1970,165972,47
 NE - Omaha,1970,347328,48
 OH - Toledo,1970,383818,49
 NY - Buffalo,1970,462768,50
 KS - Wichita,1970,276554,51
 CA - Santa Ana,1970,156601,52
 FL - Tampa,1970,277767,53
 NJ - Newark,1970,382417,54
 MN - Saint Paul,1970,309980,55
 KY - Louisville,1970,361472,56
 CA - Anaheim,1970,166701,57
 AL - Birmingham,1970,300910,58
 VA - Norfolk,1970,307951,59
 TX - Corpus Christi,1970,204525,60
 FL - St. Petersburg,1970,216232,61
 NY - Rochester,1970,296233,62
 NJ - Jersey City,1970,260545,63
 CA - Riverside,1970,140089,64
 OH - Akron,1970,275425,65
 LA - Baton Rouge,1970,165963,66
 VA - Richmond,1970,249621,67
 LA - Shreveport,1970,182064,68
 MS - Jackson,1970,153968,69
 AL - Mobile,1970,190026,70
 IA - Des Moines,1970,200587,71
 NE - Lincoln,1970,149518,72
 WI - Madison,1970,173258,73
 MI - Grand Rapids,1970,197649,74
 NY - Yonkers,1970,204297,75
 TX - Lubbock,1970,149101,76
 NC - Greensboro,1970,144076,77
 OH - Dayton,1970,243601,78
 GA - Columbus,1970,154168,79
 WA - Spokane,1970,170516,80
 WA - Tacoma,1970,154581,81
 IN - Fort Wayne,1970,177671,82
 VA - Arlington,1970,174284,83
 TN - Knoxville,1970,174587,84
 NY - Syracuse,1970,197208,85
 UT - Salt Lake City,1970,175885,86
 MA - Worcester,1970,176572,87
 MI - Warren,1970,179260,88
 KS - Kansas City,1970,168213,89
 MI - Flint,1970,193317,90
 RI - Providence,1970,179213,91
 IN - Gary,1970,175415,92
 MA - Springfield,1970,163905,93
 CT - Hartford,1970,158017,94
 CT - Bridgeport,1970,156542,95
 IL - Rockford,1970,147370,96
 NJ - Paterson,1970,144824,97
 OH - Youngstown,1970,139788,98
 FL - Fort Lauderdale,1970,139590,99
 IN - Evansville,1970,138764,100
 NY - New York City,1960,7781984,1
 CA - Los Angeles,1960,2479015,2
 IL - Chicago,1960,3550404,3
 TX - Houston,1960,938219,4
 PA - Philadelphia,1960,2002512,5
 CA - San Diego,1960,573224,6
 MI - Detroit,1960,1670144,7
 TX - Dallas,1960,679684,8
 AZ - Phoenix,1960,439170,9
 TX - San Antonio,1960,587718,10
 CA - San Jose,1960,204196,11
 MD - Baltimore,1960,939024,12
 IN - Indianapolis,1960,476258,13
 CA - San Francisco,1960,740316,14
 FL - Jacksonville,1960,201030,15
 OH - Columbus,1960,471316,16
 WI - Milwaukee,1960,741324,17
 TN - Memphis,1960,497524,18
 DC - Washington,1960,763956,19
 MA - Boston,1960,697197,20
 WA - Seattle,1960,557087,21
 TX - El Paso,1960,276687,22
 OH - Cleveland,1960,876050,23
 LA - New Orleans,1960,627525,24
 CO - Denver,1960,493887,25
 TX - Austin,1960,186545,26
 TX - Fort Worth,1960,356268,27
 OK - Oklahoma City,1960,324253,28
 OR - Portland,1960,372676,29
 MO - Kansas City,1960,475539,30
 CA - Long Beach,1960,344168,31
 AZ - Tucson,1960,212892,32
 MO - St. Louis,1960,750026,33
 NC - Charlotte,1960,201564,34
 GA - Atlanta,1960,487455,35
 NM - Albuquerque,1960,201189,36
 CA - Oakland,1960,367548,37
 PA - Pittsburgh,1960,604332,38
 CA - Sacramento,1960,191667,39
 MN - Minneapolis,1960,482872,40
 OK - Tulsa,1960,261685,41
 HI - Honolulu,1960,294194,42
 OH - Cincinnati,1960,502550,43
 FL - Miami,1960,291688,44
 CA - Fresno,1960,133929,45
 NE - Omaha,1960,301598,46
 OH - Toledo,1960,318003,47
 NY - Buffalo,1960,532759,48
 KS - Wichita,1960,254698,49
 FL - Tampa,1960,274970,50
 NJ - Newark,1960,405220,51
 MN - Saint Paul,1960,313411,52
 KY - Louisville,1960,390639,53
 AL - Birmingham,1960,340887,54
 VA - Norfolk,1960,305872,55
 TX - Corpus Christi,1960,167690,56
 FL - St. Petersburg,1960,181298,57
 NY - Rochester,1960,318611,58
 NJ - Jersey City,1960,276101,59
 OH - Akron,1960,290351,60
 LA - Baton Rouge,1960,152419,61
 VA - Richmond,1960,219958,62
 LA - Shreveport,1960,164372,63
 MS - Jackson,1960,144422,64
 AL - Mobile,1960,202779,65
 IA - Des Moines,1960,208982,66
 NE - Lincoln,1960,128521,67
 WI - Madison,1960,126706,68
 MI - Grand Rapids,1960,177313,69
 NY - Yonkers,1960,190634,70
 AL - Montgomery,1960,134393,71
 TX - Lubbock,1960,128691,72
 NC - Greensboro,1960,119574,73
 OH - Dayton,1960,262332,74
 WA - Spokane,1960,181608,75
 IN - Fort Wayne,1960,161776,76
 VA - Arlington,1960,163401,77
 NY - Syracuse,1960,216038,78
 TN - Chattanooga,1960,130009,79
 UT - Salt Lake City,1960,189454,80
 MA - Worcester,1960,186587,81
 KS - Kansas City,1960,121901,82
 MI - Flint,1960,196940,83
 RI - Providence,1960,207498,84
 IN - Gary,1960,178320,85
 MA - Springfield,1960,174463,86
 CT - Hartford,1960,162178,87
 CT - Bridgeport,1960,156748,88
 IL - Rockford,1960,126706,89
 NJ - Paterson,1960,143663,90
 OH - Youngstown,1960,166689,91
 IN - Evansville,1960,141543,92
 TN - Nashville,1960,170874,93
 CT - New Haven,1960,152048,94
 PA - Erie,1960,138440,95
 TX - Amarillo,1960,137969,96
 IN - South Bend,1960,132445,97
 NY - Albany,1960,129726,98
 NY - New York City,1950,7891957,1
 CA - Los Angeles,1950,1970358,2
 IL - Chicago,1950,3620962,3
 TX - Houston,1950,596163,4
 PA - Philadelphia,1950,2071605,5
 CA - San Diego,1950,334387,6
 MI - Detroit,1950,1849568,7
 TX - Dallas,1950,434462,8
 AZ - Phoenix,1950,106818,9
 TX - San Antonio,1950,408442,10
 MD - Baltimore,1950,949708,11
 IN - Indianapolis,1950,427173,12
 CA - San Francisco,1950,775357,13
 FL - Jacksonville,1950,204517,14
 OH - Columbus,1950,375901,15
 WI - Milwaukee,1950,637392,16
 TN - Memphis,1950,396000,17
 DC - Washington,1950,802178,18
 MA - Boston,1950,801444,19
 WA - Seattle,1950,467591,20
 TX - El Paso,1950,130485,21
 OH - Cleveland,1950,914808,22
 LA - New Orleans,1950,570445,23
 CO - Denver,1950,415786,24
 TX - Austin,1950,132459,25
 TX - Fort Worth,1950,278778,26
 OK - Oklahoma City,1950,243504,27
 OR - Portland,1950,373628,28
 MO - Kansas City,1950,456622,29
 CA - Long Beach,1950,250767,30
 MO - St. Louis,1950,856796,31
 NC - Charlotte,1950,134042,32
 GA - Atlanta,1950,331314,33
 CA - Oakland,1950,384575,34
 PA - Pittsburgh,1950,676806,35
 CA - Sacramento,1950,137572,36
 MN - Minneapolis,1950,521718,37
 OK - Tulsa,1950,182740,38
 OH - Cincinnati,1950,503998,39
 FL - Miami,1950,249276,40
 NE - Omaha,1950,251117,41
 OH - Toledo,1950,303616,42
 NY - Buffalo,1950,580132,43
 KS - Wichita,1950,168279,44
 FL - Tampa,1950,124681,45
 NJ - Newark,1950,438776,46
 MN - Saint Paul,1950,311349,47
 KY - Louisville,1950,369129,48
 AL - Birmingham,1950,326037,49
 VA - Norfolk,1950,213513,50
 TX - Corpus Christi,1950,108287,51
 NY - Rochester,1950,332488,52
 NJ - Jersey City,1950,299017,53
 OH - Akron,1950,274605,54
 LA - Baton Rouge,1950,125629,55
 VA - Richmond,1950,230310,56
 LA - Shreveport,1950,127206,57
 AL - Mobile,1950,129009,58
 IA - Des Moines,1950,177965,59
 MI - Grand Rapids,1950,176515,60
 NY - Yonkers,1950,152798,61
 OH - Dayton,1950,243872,62
 WA - Spokane,1950,161721,63
 WA - Tacoma,1950,143673,64
 IN - Fort Wayne,1950,133607,65
 VA - Arlington,1950,135449,66
 TN - Knoxville,1950,124769,67
 NY - Syracuse,1950,220583,68
 TN - Chattanooga,1950,131041,69
 UT - Salt Lake City,1950,182121,70
 MA - Worcester,1950,203486,71
 KS - Kansas City,1950,129553,72
 MI - Flint,1950,163143,73
 RI - Providence,1950,248674,74
 IN - Gary,1950,133911,75
 MA - Springfield,1950,162399,76
 CT - Hartford,1950,177397,77
 CT - Bridgeport,1950,158709,78
 NJ - Paterson,1950,139336,79
 OH - Youngstown,1950,168330,80
 IN - Evansville,1950,128636,81
 TN - Nashville,1950,174307,82
 CT - New Haven,1950,164443,83
 PA - Erie,1950,130803,84
 IN - South Bend,1950,115911,85
 NY - Albany,1950,134995,86
 NJ - Trenton,1950,128009,87
 PA - Scranton,1950,125536,88
 NJ - Camden,1950,124555,89
 MA - Cambridge,1950,120740,90
 GA - Savannah,1950,119638,91
 OH - Canton,1950,116912,92
 CA - Berkeley,1950,113805,93
 NJ - Elizabeth,1950,112817,94
 MA - Fall River,1950,111963,95
 IL - Peoria,1950,111856,96
 DE - Wilmington,1950,110356,97
 PA - Reading,1950,109320,98
 MA - New Bedford,1950,109189,99
 PA - Allentown,1950,106756,100
 NY - New York City,1940,7454995,1
 CA - Los Angeles,1940,1504277,2
 IL - Chicago,1940,3396808,3
 TX - Houston,1940,384514,4
 PA - Philadelphia,1940,1931334,5
 CA - San Diego,1940,203341,6
 MI - Detroit,1940,1623452,7
 TX - Dallas,1940,294734,8
 TX - San Antonio,1940,253854,9
 MD - Baltimore,1940,859100,10
 IN - Indianapolis,1940,386972,11
 CA - San Francisco,1940,634536,12
 FL - Jacksonville,1940,173065,13
 OH - Columbus,1940,306087,14
 WI - Milwaukee,1940,587472,15
 TN - Memphis,1940,292942,16
 DC - Washington,1940,663091,17
 MA - Boston,1940,770816,18
 WA - Seattle,1940,368302,19
 TX - El Paso,1940,96810,20
 OH - Cleveland,1940,878336,21
 LA - New Orleans,1940,494537,22
 CO - Denver,1940,322412,23
 TX - Fort Worth,1940,177662,24
 OK - Oklahoma City,1940,204424,25
 OR - Portland,1940,305394,26
 MO - Kansas City,1940,399178,27
 CA - Long Beach,1940,164271,28
 MO - St. Louis,1940,816048,29
 NC - Charlotte,1940,100899,30
 GA - Atlanta,1940,302288,31
 CA - Oakland,1940,302163,32
 PA - Pittsburgh,1940,671659,33
 CA - Sacramento,1940,105958,34
 MN - Minneapolis,1940,492370,35
 OK - Tulsa,1940,142157,36
 OH - Cincinnati,1940,455610,37
 FL - Miami,1940,172172,38
 NE - Omaha,1940,223844,39
 OH - Toledo,1940,282349,40
 NY - Buffalo,1940,575901,41
 KS - Wichita,1940,114966,42
 FL - Tampa,1940,108391,43
 NJ - Newark,1940,429760,44
 MN - Saint Paul,1940,287736,45
 KY - Louisville,1940,319077,46
 AL - Birmingham,1940,267583,47
 VA - Norfolk,1940,144332,48
 NY - Rochester,1940,324975,49
 NJ - Jersey City,1940,301173,50
 OH - Akron,1940,244791,51
 VA - Richmond,1940,193042,52
 LA - Shreveport,1940,98167,53
 IA - Des Moines,1940,159819,54
 MI - Grand Rapids,1940,164292,55
 NY - Yonkers,1940,142598,56
 OH - Dayton,1940,210718,57
 WA - Spokane,1940,122001,58
 WA - Tacoma,1940,109408,59
 AR - Little Rock,1940,88039,60
 IN - Fort Wayne,1940,118410,61
 TN - Knoxville,1940,111580,62
 NY - Syracuse,1940,205967,63
 TN - Chattanooga,1940,128163,64
 UT - Salt Lake City,1940,149934,65
 MA - Worcester,1940,193694,66
 KS - Kansas City,1940,121458,67
 MI - Flint,1940,151543,68
 RI - Providence,1940,253504,69
 IN - Gary,1940,111719,70
 MA - Springfield,1940,149554,71
 CT - Hartford,1940,166267,72
 CT - Bridgeport,1940,147121,73
 NJ - Paterson,1940,139656,74
 OH - Youngstown,1940,167720,75
 IN - Evansville,1940,97062,76
 TN - Nashville,1940,167402,77
 CT - New Haven,1940,160605,78
 PA - Erie,1940,116955,79
 IN - South Bend,1940,101268,80
 NY - Albany,1940,130577,81
 NJ - Trenton,1940,124697,82
 PA - Scranton,1940,140404,83
 NJ - Camden,1940,117536,84
 MA - Cambridge,1940,110879,85
 GA - Savannah,1940,95996,86
 OH - Canton,1940,108401,87
 NJ - Elizabeth,1940,109912,88
 MA - Fall River,1940,115428,89
 IL - Peoria,1940,105087,90
 DE - Wilmington,1940,112504,91
 PA - Reading,1940,110568,92
 MA - New Bedford,1940,110341,93
 PA - Allentown,1940,96904,94
 MA - Somerville,1940,102177,95
 MA - Lowell,1940,101389,96
 MN - Duluth,1940,101065,97
 NY - Utica,1940,100518,98
 CT - Waterbury,1940,99314,99
 MA - Lynn,1940,98123,100
 NY - New York City,1930,6930446,1
 CA - Los Angeles,1930,1238048,2
 IL - Chicago,1930,3376438,3
 TX - Houston,1930,292352,4
 PA - Philadelphia,1930,1950961,5
 CA - San Diego,1930,147995,6
 MI - Detroit,1930,1568662,7
 TX - Dallas,1930,260475,8
 TX - San Antonio,1930,231542,9
 MD - Baltimore,1930,804874,10
 IN - Indianapolis,1930,364161,11
 CA - San Francisco,1930,634394,12
 FL - Jacksonville,1930,129549,13
 OH - Columbus,1930,290564,14
 WI - Milwaukee,1930,578249,15
 TN - Memphis,1930,253143,16
 DC - Washington,1930,486869,17
 MA - Boston,1930,781188,18
 WA - Seattle,1930,365583,19
 TX - El Paso,1930,102421,20
 OH - Cleveland,1930,900429,21
 LA - New Orleans,1930,458762,22
 CO - Denver,1930,287861,23
 TX - Fort Worth,1930,163447,24
 OK - Oklahoma City,1930,185389,25
 OR - Portland,1930,301815,26
 MO - Kansas City,1930,399746,27
 CA - Long Beach,1930,142032,28
 MO - St. Louis,1930,821960,29
 GA - Atlanta,1930,270366,30
 CA - Oakland,1930,284063,31
 PA - Pittsburgh,1930,669817,32
 CA - Sacramento,1930,93750,33
 MN - Minneapolis,1930,464356,34
 OK - Tulsa,1930,141258,35
 OH - Cincinnati,1930,451160,36
 FL - Miami,1930,110637,37
 NE - Omaha,1930,214006,38
 OH - Toledo,1930,290718,39
 NY - Buffalo,1930,573076,40
 KS - Wichita,1930,111110,41
 FL - Tampa,1930,101161,42
 NJ - Newark,1930,442337,43
 MN - Saint Paul,1930,271606,44
 KY - Louisville,1930,307745,45
 AL - Birmingham,1930,259678,46
 VA - Norfolk,1930,129710,47
 NY - Rochester,1930,328132,48
 NJ - Jersey City,1930,316715,49
 OH - Akron,1930,255040,50
 VA - Richmond,1930,182929,51
 IA - Des Moines,1930,142559,52
 MI - Grand Rapids,1930,168592,53
 NY - Yonkers,1930,134646,54
 OH - Dayton,1930,200982,55
 WA - Spokane,1930,115514,56
 WA - Tacoma,1930,106817,57
 IN - Fort Wayne,1930,114946,58
 TN - Knoxville,1930,105802,59
 NY - Syracuse,1930,209326,60
 TN - Chattanooga,1930,119798,61
 UT - Salt Lake City,1930,140267,62
 MA - Worcester,1930,195311,63
 KS - Kansas City,1930,121857,64
 MI - Flint,1930,156492,65
 RI - Providence,1930,252981,66
 IN - Gary,1930,100426,67
 MA - Springfield,1930,149900,68
 CT - Hartford,1930,164072,69
 CT - Bridgeport,1930,146716,70
 IL - Rockford,1930,85864,71
 NJ - Paterson,1930,138513,72
 OH - Youngstown,1930,170002,73
 IN - Evansville,1930,102249,74
 TN - Nashville,1930,153866,75
 CT - New Haven,1930,162655,76
 PA - Erie,1930,115967,77
 IN - South Bend,1930,104193,78
 NY - Albany,1930,127412,79
 NJ - Trenton,1930,123356,80
 PA - Scranton,1930,143433,81
 NJ - Camden,1930,118700,82
 MA - Cambridge,1930,113643,83
 OH - Canton,1930,104906,84
 NJ - Elizabeth,1930,114589,85
 MA - Fall River,1930,115274,86
 IL - Peoria,1930,104969,87
 DE - Wilmington,1930,106597,88
 PA - Reading,1930,111171,89
 MA - New Bedford,1930,112597,90
 PA - Allentown,1930,92563,91
 MA - Somerville,1930,103908,92
 MA - Lowell,1930,100234,93
 MN - Duluth,1930,101463,94
 NY - Utica,1930,101740,95
 CT - Waterbury,1930,99902,96
 MA - Lynn,1930,102320,97
 NY - Schenectady,1930,95692,98
 NJ - Bayonne,1930,88979,99
 PA - Wilkes-Barre,1930,86626,100
 NY - New York City,1920,5620048,1
 CA - Los Angeles,1920,576673,2
 IL - Chicago,1920,2701705,3
 TX - Houston,1920,138276,4
 PA - Philadelphia,1920,1823779,5
 CA - San Diego,1920,74683,6
 MI - Detroit,1920,993078,7
 TX - Dallas,1920,158976,8
 TX - San Antonio,1920,161379,9
 MD - Baltimore,1920,733826,10
 IN - Indianapolis,1920,314194,11
 CA - San Francisco,1920,506676,12
 FL - Jacksonville,1920,91558,13
 OH - Columbus,1920,237031,14
 WI - Milwaukee,1920,457147,15
 TN - Memphis,1920,162351,16
 DC - Washington,1920,437571,17
 MA - Boston,1920,748060,18
 WA - Seattle,1920,315312,19
 TX - El Paso,1920,77560,20
 OH - Cleveland,1920,796841,21
 LA - New Orleans,1920,387219,22
 CO - Denver,1920,256491,23
 TX - Fort Worth,1920,106482,24
 OK - Oklahoma City,1920,91295,25
 OR - Portland,1920,258288,26
 MO - Kansas City,1920,324410,27
 MO - St. Louis,1920,772897,28
 GA - Atlanta,1920,200616,29
 CA - Oakland,1920,216261,30
 PA - Pittsburgh,1920,588343,31
 MN - Minneapolis,1920,380582,32
 OK - Tulsa,1920,72075,33
 OH - Cincinnati,1920,401247,34
 NE - Omaha,1920,191601,35
 OH - Toledo,1920,243164,36
 NY - Buffalo,1920,506775,37
 KS - Wichita,1920,72217,38
 NJ - Newark,1920,414524,39
 MN - Saint Paul,1920,234698,40
 KY - Louisville,1920,234891,41
 AL - Birmingham,1920,178806,42
 VA - Norfolk,1920,115777,43
 NY - Rochester,1920,295750,44
 NJ - Jersey City,1920,298103,45
 OH - Akron,1920,208435,46
 VA - Richmond,1920,171667,47
 IA - Des Moines,1920,126468,48
 MI - Grand Rapids,1920,137634,49
 NY - Yonkers,1920,100176,50
 OH - Dayton,1920,152559,51
 WA - Spokane,1920,104437,52
 WA - Tacoma,1920,96965,53
 IN - Fort Wayne,1920,86549,54
 TN - Knoxville,1920,77818,55
 NY - Syracuse,1920,171717,56
 UT - Salt Lake City,1920,118110,57
 MA - Worcester,1920,179754,58
 KS - Kansas City,1920,101177,59
 MI - Flint,1920,91599,60
 RI - Providence,1920,237595,61
 MA - Springfield,1920,129614,62
 CT - Hartford,1920,138036,63
 CT - Bridgeport,1920,143555,64
 NJ - Paterson,1920,135875,65
 OH - Youngstown,1920,132358,66
 IN - Evansville,1920,85264,67
 TN - Nashville,1920,118342,68
 CT - New Haven,1920,162537,69
 PA - Erie,1920,93372,70
 IN - South Bend,1920,70983,71
 NY - Albany,1920,113344,72
 NJ - Trenton,1920,119289,73
 PA - Scranton,1920,137783,74
 NJ - Camden,1920,116309,75
 MA - Cambridge,1920,109694,76
 GA - Savannah,1920,83252,77
 OH - Canton,1920,87091,78
 NJ - Elizabeth,1920,95783,79
 MA - Fall River,1920,120485,80
 IL - Peoria,1920,76121,81
 DE - Wilmington,1920,110168,82
 PA - Reading,1920,107784,83
 MA - New Bedford,1920,121217,84
 PA - Allentown,1920,73502,85
 MA - Somerville,1920,93091,86
 MA - Lowell,1920,112759,87
 MN - Duluth,1920,98917,88
 NY - Utica,1920,94156,89
 CT - Waterbury,1920,91715,90
 MA - Lynn,1920,99148,91
 NY - Schenectady,1920,88723,92
 NJ - Bayonne,1920,76754,93
 PA - Wilkes-Barre,1920,73833,94
 MA - Lawrence,1920,94270,95
 NH - Manchester,1920,78384,96
 MO - Saint Joseph,1920,77939,97
 PA - Harrisburg,1920,75917,98
 NY - Troy,1920,71996,99
 IA - Sioux City,1920,71227,100
 NY - New York City,1910,4766883,1
 CA - Los Angeles,1910,319198,2
 IL - Chicago,1910,2185283,3
 TX - Houston,1910,78800,4
 PA - Philadelphia,1910,1549008,5
 MI - Detroit,1910,465766,6
 TX - Dallas,1910,92104,7
 TX - San Antonio,1910,96614,8
 MD - Baltimore,1910,558485,9
 IN - Indianapolis,1910,233650,10
 CA - San Francisco,1910,416912,11
 FL - Jacksonville,1910,57699,12
 OH - Columbus,1910,181511,13
 WI - Milwaukee,1910,373857,14
 TN - Memphis,1910,131105,15
 DC - Washington,1910,331069,16
 MA - Boston,1910,670585,17
 WA - Seattle,1910,237194,18
 OH - Cleveland,1910,560663,19
 LA - New Orleans,1910,339075,20
 CO - Denver,1910,213381,21
 TX - Fort Worth,1910,73312,22
 OK - Oklahoma City,1910,64205,23
 OR - Portland,1910,207214,24
 MO - Kansas City,1910,248381,25
 MO - St. Louis,1910,687029,26
 GA - Atlanta,1910,154839,27
 CA - Oakland,1910,150174,28
 PA - Pittsburgh,1910,533905,29
 MN - Minneapolis,1910,301408,30
 OH - Cincinnati,1910,363591,31
 NE - Omaha,1910,124096,32
 OH - Toledo,1910,168497,33
 NY - Buffalo,1910,423715,34
 NJ - Newark,1910,347469,35
 MN - Saint Paul,1910,214744,36
 KY - Louisville,1910,223928,37
 AL - Birmingham,1910,132685,38
 VA - Norfolk,1910,67452,39
 NY - Rochester,1910,218149,40
 NJ - Jersey City,1910,267779,41
 OH - Akron,1910,69067,42
 VA - Richmond,1910,127628,43
 IA - Des Moines,1910,86368,44
 MI - Grand Rapids,1910,112571,45
 NY - Yonkers,1910,79803,46
 OH - Dayton,1910,116577,47
 WA - Spokane,1910,104402,48
 WA - Tacoma,1910,83743,49
 IN - Fort Wayne,1910,63933,50
 NY - Syracuse,1910,137249,51
 UT - Salt Lake City,1910,92777,52
 MA - Worcester,1910,145986,53
 KS - Kansas City,1910,82331,54
 RI - Providence,1910,224326,55
 MA - Springfield,1910,88926,56
 CT - Hartford,1910,98915,57
 CT - Bridgeport,1910,102054,58
 NJ - Paterson,1910,125600,59
 OH - Youngstown,1910,79066,60
 IN - Evansville,1910,69647,61
 TN - Nashville,1910,110364,62
 CT - New Haven,1910,133605,63
 PA - Erie,1910,66525,64
 IN - South Bend,1910,53684,65
 NY - Albany,1910,100253,66
 NJ - Trenton,1910,96815,67
 PA - Scranton,1910,129867,68
 NJ - Camden,1910,94538,69
 MA - Cambridge,1910,104839,70
 GA - Savannah,1910,65064,71
 NJ - Elizabeth,1910,73409,72
 MA - Fall River,1910,119295,73
 IL - Peoria,1910,66950,74
 DE - Wilmington,1910,87411,75
 PA - Reading,1910,96071,76
 MA - New Bedford,1910,96652,77
 MA - Somerville,1910,77236,78
 MA - Lowell,1910,106294,79
 MN - Duluth,1910,78466,80
 NY - Utica,1910,74419,81
 CT - Waterbury,1910,73141,82
 MA - Lynn,1910,89336,83
 NY - Schenectady,1910,72826,84
 NJ - Bayonne,1910,55545,85
 PA - Wilkes-Barre,1910,67105,86
 MA - Lawrence,1910,85892,87
 NH - Manchester,1910,70063,88
 MO - Saint Joseph,1910,77403,89
 PA - Harrisburg,1910,64186,90
 NY - Troy,1910,76813,91
 NJ - Hoboken,1910,70324,92
 SC - Charleston,1910,58833,93
 ME - Portland,1910,58571,94
 IL - East St. Louis,1910,58547,95
 IN - Terre Haute,1910,58157,96
 MA - Holyoke,1910,57730,97
 MA - Brockton,1910,56878,98
 PA - Johnstown,1910,55482,99
 NJ - Passaic,1910,54773,100
 NY - New York City,1900,3437202,1
 CA - Los Angeles,1900,102479,2
 IL - Chicago,1900,1698575,3
 TX - Houston,1900,44633,4
 PA - Philadelphia,1900,1293697,5
 MI - Detroit,1900,285704,6
 TX - Dallas,1900,42638,7
 TX - San Antonio,1900,53321,8
 MD - Baltimore,1900,508957,9
 IN - Indianapolis,1900,169164,10
 CA - San Francisco,1900,342782,11
 OH - Columbus,1900,125560,12
 WI - Milwaukee,1900,285315,13
 TN - Memphis,1900,102320,14
 DC - Washington,1900,278718,15
 MA - Boston,1900,560892,16
 WA - Seattle,1900,80671,17
 OH - Cleveland,1900,381768,18
 LA - New Orleans,1900,287104,19
 CO - Denver,1900,133859,20
 OR - Portland,1900,90426,21
 MO - Kansas City,1900,163752,22
 MO - St. Louis,1900,575238,23
 GA - Atlanta,1900,89872,24
 CA - Oakland,1900,66960,25
 PA - Pittsburgh,1900,321616,26
 MN - Minneapolis,1900,202718,27
 OH - Cincinnati,1900,325902,28
 NE - Omaha,1900,102555,29
 OH - Toledo,1900,131822,30
 NY - Buffalo,1900,352387,31
 NJ - Newark,1900,246070,32
 MN - Saint Paul,1900,163065,33
 KY - Louisville,1900,204731,34
 AL - Birmingham,1900,38415,35
 VA - Norfolk,1900,46624,36
 NY - Rochester,1900,162608,37
 NJ - Jersey City,1900,206433,38
 OH - Akron,1900,42728,39
 VA - Richmond,1900,85050,40
 AL - Mobile,1900,38469,41
 IA - Des Moines,1900,62139,42
 NE - Lincoln,1900,40169,43
 MI - Grand Rapids,1900,87565,44
 NY - Yonkers,1900,47931,45
 OH - Dayton,1900,85333,46
 AR - Little Rock,1900,38307,47
 IN - Fort Wayne,1900,45115,48
 NY - Syracuse,1900,108374,49
 UT - Salt Lake City,1900,53531,50
 MA - Worcester,1900,118421,51
 KS - Kansas City,1900,51418,52
 RI - Providence,1900,175597,53
 MA - Springfield,1900,62059,54
 CT - Hartford,1900,79850,55
 CT - Bridgeport,1900,70996,56
 NJ - Paterson,1900,105171,57
 OH - Youngstown,1900,44885,58
 IN - Evansville,1900,59007,59
 TN - Nashville,1900,80865,60
 CT - New Haven,1900,108027,61
 PA - Erie,1900,52733,62
 NY - Albany,1900,94151,63
 NJ - Trenton,1900,73307,64
 PA - Scranton,1900,102026,65
 NJ - Camden,1900,75935,66
 MA - Cambridge,1900,91886,67
 GA - Savannah,1900,54244,68
 NJ - Elizabeth,1900,52130,69
 MA - Fall River,1900,104863,70
 IL - Peoria,1900,56100,71
 DE - Wilmington,1900,76508,72
 PA - Reading,1900,78961,73
 MA - New Bedford,1900,62442,74
 MA - Somerville,1900,61643,75
 MA - Lowell,1900,94969,76
 MN - Duluth,1900,52969,77
 NY - Utica,1900,56383,78
 CT - Waterbury,1900,45859,79
 MA - Lynn,1900,68513,80
 PA - Wilkes-Barre,1900,51721,81
 MA - Lawrence,1900,62559,82
 NH - Manchester,1900,56987,83
 MO - Saint Joseph,1900,102979,84
 PA - Harrisburg,1900,50167,85
 NY - Troy,1900,60651,86
 NJ - Hoboken,1900,59364,87
 SC - Charleston,1900,55807,88
 ME - Portland,1900,50145,89
 MA - Holyoke,1900,45712,90
 MA - Brockton,1900,40063,91
 PA - Allegheny,1900,129896,92
 KY - Covington,1900,42938,93
 MI - Saginaw,1900,42345,94
 PA - Lancaster,1900,41459,95
 NY - Binghamton,1900,39647,96
 GA - Augusta,1900,39441,97
 RI - Pawtucket,1900,39231,98
 PA - Altoona,1900,38973,99
 VA/WV - Wheeling,1900,38878,100
 NY - New York City,1890,1515301,1
 CA - Los Angeles,1890,50395,2
 IL - Chicago,1890,1099850,3
 PA - Philadelphia,1890,1046964,4
 MI - Detroit,1890,205876,5
 TX - Dallas,1890,38067,6
 TX - San Antonio,1890,37673,7
 MD - Baltimore,1890,434439,8
 IN - Indianapolis,1890,105436,9
 CA - San Francisco,1890,298997,10
 OH - Columbus,1890,88150,11
 WI - Milwaukee,1890,204468,12
 TN - Memphis,1890,64495,13
 DC - Washington,1890,230392,14
 MA - Boston,1890,448477,15
 WA - Seattle,1890,42837,16
 OH - Cleveland,1890,261353,17
 LA - New Orleans,1890,242039,18
 CO - Denver,1890,106713,19
 OR - Portland,1890,46385,20
 MO - Kansas City,1890,132716,21
 MO - St. Louis,1890,451770,22
 GA - Atlanta,1890,65533,23
 CA - Oakland,1890,48682,24
 PA - Pittsburgh,1890,238617,25
 MN - Minneapolis,1890,164738,26
 OH - Cincinnati,1890,296908,27
 NE - Omaha,1890,140452,28
 OH - Toledo,1890,81434,29
 NY - Buffalo,1890,255664,30
 NJ - Newark,1890,181830,31
 MN - Saint Paul,1890,133156,32
 KY - Louisville,1890,161129,33
 VA - Norfolk,1890,34871,34
 NY - Rochester,1890,133896,35
 NJ - Jersey City,1890,163003,36
 VA - Richmond,1890,81388,37
 AL - Mobile,1890,31076,38
 IA - Des Moines,1890,50093,39
 NE - Lincoln,1890,55154,40
 MI - Grand Rapids,1890,60278,41
 NY - Yonkers,1890,32033,42
 OH - Dayton,1890,61220,43
 WA - Tacoma,1890,36006,44
 IN - Fort Wayne,1890,35393,45
 NY - Syracuse,1890,88143,46
 UT - Salt Lake City,1890,44843,47
 MA - Worcester,1890,84655,48
 KS - Kansas City,1890,38316,49
 RI - Providence,1890,132146,50
 MA - Springfield,1890,44179,51
 CT - Hartford,1890,53230,52
 CT - Bridgeport,1890,48866,53
 NJ - Paterson,1890,78347,54
 OH - Youngstown,1890,33220,55
 IN - Evansville,1890,50756,56
 TN - Nashville,1890,76168,57
 CT - New Haven,1890,86045,58
 PA - Erie,1890,40634,59
 NY - Albany,1890,94923,60
 NJ - Trenton,1890,57458,61
 PA - Scranton,1890,75215,62
 NJ - Camden,1890,58313,63
 MA - Cambridge,1890,70028,64
 GA - Savannah,1890,43189,65
 NJ - Elizabeth,1890,37764,66
 MA - Fall River,1890,74398,67
 IL - Peoria,1890,41024,68
 DE - Wilmington,1890,61431,69
 PA - Reading,1890,58661,70
 MA - New Bedford,1890,40733,71
 MA - Somerville,1890,40152,72
 MA - Lowell,1890,77696,73
 MN - Duluth,1890,33115,74
 NY - Utica,1890,44007,75
 MA - Lynn,1890,55727,76
 PA - Wilkes-Barre,1890,37718,77
 MA - Lawrence,1890,44654,78
 NH - Manchester,1890,44126,79
 MO - Saint Joseph,1890,52324,80
 PA - Harrisburg,1890,39385,81
 NY - Troy,1890,60956,82
 IA - Sioux City,1890,37806,83
 NJ - Hoboken,1890,43648,84
 SC - Charleston,1890,54955,85
 ME - Portland,1890,36425,86
 MA - Holyoke,1890,35637,87
 PA - Allegheny,1890,105287,88
 KY - Covington,1890,37371,89
 MI - Saginaw,1890,46322,90
 PA - Lancaster,1890,32011,91
 NY - Binghamton,1890,35005,92
 GA - Augusta,1890,33300,93
 VA/WV - Wheeling,1890,34522,94
 NY - Brooklyn,1890,806343,95
 OH - Springfield,1890,31895,96
 IL - Quincy,1890,31494,97
 KS - Topeka,1890,31007,98
 NY - Elmira,1890,30893,99
 MA - Salem,1890,30801,100
 NY - New York City,1880,1206299,1
 IL - Chicago,1880,503185,2
 PA - Philadelphia,1880,847170,3
 MI - Detroit,1880,116340,4
 TX - San Antonio,1880,20550,5
 MD - Baltimore,1880,332313,6
 IN - Indianapolis,1880,75056,7
 CA - San Francisco,1880,233959,8
 OH - Columbus,1880,51647,9
 WI - Milwaukee,1880,115587,10
 TN - Memphis,1880,33592,11
 DC - Washington,1880,147293,12
 MA - Boston,1880,362839,13
 OH - Cleveland,1880,160146,14
 LA - New Orleans,1880,216090,15
 CO - Denver,1880,35629,16
 MO - Kansas City,1880,55785,17
 MO - St. Louis,1880,350518,18
 GA - Atlanta,1880,37409,19
 CA - Oakland,1880,34555,20
 PA - Pittsburgh,1880,156389,21
 CA - Sacramento,1880,21420,22
 MN - Minneapolis,1880,46887,23
 OH - Cincinnati,1880,255139,24
 NE - Omaha,1880,30518,25
 OH - Toledo,1880,50137,26
 NY - Buffalo,1880,155134,27
 NJ - Newark,1880,136508,28
 MN - Saint Paul,1880,41473,29
 KY - Louisville,1880,123758,30
 VA - Norfolk,1880,21966,31
 NY - Rochester,1880,89366,32
 NJ - Jersey City,1880,120722,33
 VA - Richmond,1880,63600,34
 AL - Mobile,1880,29132,35
 IA - Des Moines,1880,22408,36
 MI - Grand Rapids,1880,32016,37
 OH - Dayton,1880,38678,38
 IN - Fort Wayne,1880,26880,39
 NY - Syracuse,1880,51792,40
 UT - Salt Lake City,1880,20768,41
 MA - Worcester,1880,58291,42
 RI - Providence,1880,104857,43
 MA - Springfield,1880,33340,44
 CT - Hartford,1880,42015,45
 CT - Bridgeport,1880,27643,46
 NJ - Paterson,1880,51031,47
 IN - Evansville,1880,29280,48
 TN - Nashville,1880,43350,49
 CT - New Haven,1880,62882,50
 PA - Erie,1880,27737,51
 NY - Albany,1880,90758,52
 NJ - Trenton,1880,29910,53
 PA - Scranton,1880,45850,54
 NJ - Camden,1880,41659,55
 MA - Cambridge,1880,52669,56
 GA - Savannah,1880,30709,57
 NJ - Elizabeth,1880,28229,58
 MA - Fall River,1880,48961,59
 IL - Peoria,1880,29259,60
 DE - Wilmington,1880,42478,61
 PA - Reading,1880,43278,62
 MA - New Bedford,1880,26845,63
 MA - Somerville,1880,24933,64
 MA - Lowell,1880,59475,65
 NY - Utica,1880,33914,66
 MA - Lynn,1880,38274,67
 PA - Wilkes-Barre,1880,23339,68
 MA - Lawrence,1880,39151,69
 NH - Manchester,1880,32630,70
 MO - Saint Joseph,1880,32431,71
 PA - Harrisburg,1880,30762,72
 NY - Troy,1880,56747,73
 NJ - Hoboken,1880,30999,74
 SC - Charleston,1880,49984,75
 ME - Portland,1880,33810,76
 IN - Terre Haute,1880,26042,77
 MA - Holyoke,1880,21915,78
 PA - Allegheny,1880,78682,79
 KY - Covington,1880,29720,80
 PA - Lancaster,1880,25769,81
 GA - Augusta,1880,21891,82
 VA/WV - Wheeling,1880,30737,83
 NY - Brooklyn,1880,566663,84
 OH - Springfield,1880,20730,85
 IL - Quincy,1880,27268,86
 NY - Elmira,1880,20541,87
 MA - Salem,1880,27563,88
 IA - Dubuque,1880,22254,89
 TX - Galveston,1880,22248,90
 NY - Auburn,1880,21924,91
 IA - Davenport,1880,21831,92
 MA - Chelsea,1880,21782,93
 VA - Petersburg,1880,21656,94
 MA - Taunton,1880,21213,95
 NY - Oswego,1880,21116,96
 MI - Bay City,1880,20693,97
 KY - Newport,1880,20433,98
 NY - Poughkeepsie,1880,20207,99
 IL - Springfield,1880,19743,100
 NY - New York City,1870,942292,1
 IL - Chicago,1870,298977,2
 PA - Philadelphia,1870,674022,3
 MI - Detroit,1870,79577,4
 MD - Baltimore,1870,267354,5
 IN - Indianapolis,1870,48244,6
 CA - San Francisco,1870,149473,7
 OH - Columbus,1870,31274,8
 WI - Milwaukee,1870,71440,9
 TN - Memphis,1870,40226,10
 DC - Washington,1870,109199,11
 MA - Boston,1870,250526,12
 OH - Cleveland,1870,92829,13
 LA - New Orleans,1870,191418,14
 MO - Kansas City,1870,32260,15
 MO - St. Louis,1870,310864,16
 GA - Atlanta,1870,21789,17
 PA - Pittsburgh,1870,86076,18
 CA - Sacramento,1870,16283,19
 OH - Cincinnati,1870,216239,20
 NE - Omaha,1870,16083,21
 OH - Toledo,1870,31584,22
 NY - Buffalo,1870,117714,23
 NJ - Newark,1870,105059,24
 MN - Saint Paul,1870,20030,25
 KY - Louisville,1870,100753,26
 VA - Norfolk,1870,19229,27
 NY - Rochester,1870,62386,28
 NJ - Jersey City,1870,82546,29
 VA - Richmond,1870,51038,30
 AL - Mobile,1870,32034,31
 MI - Grand Rapids,1870,16507,32
 OH - Dayton,1870,30473,33
 IN - Fort Wayne,1870,17718,34
 NY - Syracuse,1870,43051,35
 MA - Worcester,1870,41105,36
 RI - Providence,1870,68904,37
 MA - Springfield,1870,26703,38
 CT - Hartford,1870,37180,39
 CT - Bridgeport,1870,18969,40
 NJ - Paterson,1870,33579,41
 IN - Evansville,1870,21830,42
 TN - Nashville,1870,25865,43
 CT - New Haven,1870,50840,44
 PA - Erie,1870,19646,45
 NY - Albany,1870,69422,46
 NJ - Trenton,1870,22874,47
 PA - Scranton,1870,35092,48
 NJ - Camden,1870,20045,49
 MA - Cambridge,1870,39634,50
 GA - Savannah,1870,28235,51
 NJ - Elizabeth,1870,20832,52
 MA - Fall River,1870,26766,53
 IL - Peoria,1870,22849,54
 DE - Wilmington,1870,30841,55
 PA - Reading,1870,33930,56
 MA - New Bedford,1870,21320,57
 MA - Lowell,1870,40928,58
 NY - Utica,1870,28804,59
 MA - Lynn,1870,28233,60
 MA - Lawrence,1870,28921,61
 NH - Manchester,1870,23536,62
 MO - Saint Joseph,1870,19565,63
 PA - Harrisburg,1870,23104,64
 NY - Troy,1870,46465,65
 NJ - Hoboken,1870,20297,66
 SC - Charleston,1870,48956,67
 ME - Portland,1870,31413,68
 IN - Terre Haute,1870,16103,69
 PA - Allegheny,1870,53180,70
 KY - Covington,1870,24505,71
 PA - Lancaster,1870,20233,72
 GA - Augusta,1870,15389,73
 VA/WV - Wheeling,1870,19280,74
 NY - Brooklyn,1870,396099,75
 IL - Quincy,1870,24052,76
 NY - Elmira,1870,15863,77
 MA - Salem,1870,24117,78
 IA - Dubuque,1870,18434,79
 NY - Auburn,1870,17225,80
 IA - Davenport,1870,20038,81
 MA - Chelsea,1870,18547,82
 VA - Petersburg,1870,18950,83
 MA - Taunton,1870,18629,84
 NY - Oswego,1870,20910,85
 KY - Newport,1870,15087,86
 NY - Poughkeepsie,1870,20080,87
 IL - Springfield,1870,17364,88
 MA - Charlestown,1870,28323,89
 RI - North Providence,1870,20495,90
 ME - Bangor,1870,18289,91
 KS - Leavenworth,1870,17873,92
 NY - Newburgh,1870,17014,93
 CT - Norwich,1870,16653,94
 PA - Williamsport,1870,16030,95
 IN - New Albany,1870,15396,96
 MA - Gloucester,1870,15389,97
 NY - Cohoes,1870,15357,98
 NJ - New Brunswick,1870,15058,99
 IA - Burlington,1870,14930,100
 NY - New York City,1860,813669,1
 IL - Chicago,1860,112172,2
 PA - Philadelphia,1860,565529,3
 MI - Detroit,1860,45619,4
 MD - Baltimore,1860,212418,5
 IN - Indianapolis,1860,18611,6
 CA - San Francisco,1860,56802,7
 OH - Columbus,1860,18554,8
 WI - Milwaukee,1860,45246,9
 TN - Memphis,1860,22623,10
 DC - Washington,1860,61122,11
 MA - Boston,1860,177840,12
 OH - Cleveland,1860,43417,13
 LA - New Orleans,1860,168675,14
 MO - St. Louis,1860,160773,15
 GA - Atlanta,1860,9554,16
 PA - Pittsburgh,1860,49221,17
 CA - Sacramento,1860,13785,18
 OH - Cincinnati,1860,161044,19
 OH - Toledo,1860,13768,20
 NY - Buffalo,1860,81129,21
 NJ - Newark,1860,71941,22
 MN - Saint Paul,1860,10401,23
 KY - Louisville,1860,68033,24
 VA - Norfolk,1860,14620,25
 NY - Rochester,1860,48204,26
 NJ - Jersey City,1860,29226,27
 VA - Richmond,1860,37910,28
 AL - Mobile,1860,29258,29
 OH - Dayton,1860,20081,30
 GA - Columbus,1860,9621,31
 NY - Syracuse,1860,28119,32
 MA - Worcester,1860,24960,33
 RI - Providence,1860,50666,34
 MA - Springfield,1860,15199,35
 CT - Hartford,1860,26917,36
 CT - Bridgeport,1860,12106,37
 NJ - Paterson,1860,19586,38
 IN - Evansville,1860,11484,39
 TN - Nashville,1860,16988,40
 CT - New Haven,1860,39267,41
 NY - Albany,1860,62367,42
 NJ - Trenton,1860,17228,43
 NJ - Camden,1860,14358,44
 MA - Cambridge,1860,26060,45
 GA - Savannah,1860,22292,46
 NJ - Elizabeth,1860,11567,47
 MA - Fall River,1860,14026,48
 IL - Peoria,1860,14045,49
 DE - Wilmington,1860,21258,50
 PA - Reading,1860,23162,51
 MA - New Bedford,1860,22300,52
 MA - Lowell,1860,36827,53
 NY - Utica,1860,22529,54
 CT - Waterbury,1860,10004,55
 MA - Lynn,1860,19083,56
 NY - Schenectady,1860,9579,57
 MA - Lawrence,1860,17639,58
 NH - Manchester,1860,20107,59
 PA - Harrisburg,1860,13405,60
 NY - Troy,1860,39235,61
 NJ - Hoboken,1860,9662,62
 SC - Charleston,1860,40522,63
 ME - Portland,1860,26341,64
 PA - Allegheny,1860,28702,65
 KY - Covington,1860,16471,66
 PA - Lancaster,1860,17603,67
 GA - Augusta,1860,12493,68
 VA/WV - Wheeling,1860,14083,69
 NY - Brooklyn,1860,266661,70
 IL - Quincy,1860,13718,71
 MA - Salem,1860,22252,72
 IA - Dubuque,1860,13000,73
 NY - Auburn,1860,10986,74
 IA - Davenport,1860,11267,75
 MA - Chelsea,1860,13395,76
 VA - Petersburg,1860,18266,77
 MA - Taunton,1860,15376,78
 NY - Oswego,1860,16816,79
 KY - Newport,1860,10046,80
 NY - Poughkeepsie,1860,14726,81
 MA - Charlestown,1860,25065,82
 RI - North Providence,1860,11818,83
 ME - Bangor,1860,16407,84
 NY - Newburgh,1860,12578,85
 CT - Norwich,1860,14048,86
 IN - New Albany,1860,12647,87
 MA - Gloucester,1860,10904,88
 NJ - New Brunswick,1860,11256,89
 MA - Roxbury,1860,25137,90
 MA - Newburyport,1860,13401,91
 VA - Alexandria,1860,12652,92
 NH - Concord,1860,10896,93
 NY - Lockport,1860,10871,94
 RI - Newport,1860,10508,95
 CT - New London,1860,10115,96
 NH - Nashua,1860,10065,97
 MA - Haverhill,1860,9995,98
 MA - Dorchester,1860,9769,99
 NC - Wilmington,1860,9552,100
 NY - New York City,1850,515547,1
 IL - Chicago,1850,29963,2
 PA - Philadelphia,1850,121376,3
 MI - Detroit,1850,21019,4
 MD - Baltimore,1850,169054,5
 IN - Indianapolis,1850,8091,6
 OH - Columbus,1850,17882,7
 WI - Milwaukee,1850,20061,8
 TN - Memphis,1850,8841,9
 DC - Washington,1850,40001,10
 MA - Boston,1850,136881,11
 OH - Cleveland,1850,17034,12
 LA - New Orleans,1850,116375,13
 MO - St. Louis,1850,77860,14
 PA - Pittsburgh,1850,46601,15
 OH - Cincinnati,1850,115435,16
 NY - Buffalo,1850,42261,17
 NJ - Newark,1850,38894,18
 KY - Louisville,1850,43194,19
 VA - Norfolk,1850,14326,20
 NY - Rochester,1850,36403,21
 KY - Lexington,1850,8159,22
 VA - Richmond,1850,27570,23
 AL - Mobile,1850,20515,24
 AL - Montgomery,1850,8728,25
 OH - Dayton,1850,10977,26
 NY - Syracuse,1850,22271,27
 MA - Worcester,1850,17049,28
 RI - Providence,1850,41513,29
 MA - Springfield,1850,11766,30
 CT - Hartford,1850,13555,31
 NJ - Paterson,1850,11334,32
 TN - Nashville,1850,10165,33
 CT - New Haven,1850,20345,34
 NY - Albany,1850,50763,35
 NJ - Camden,1850,9479,36
 MA - Cambridge,1850,15215,37
 GA - Savannah,1850,15312,38
 MA - Fall River,1850,11524,39
 DE - Wilmington,1850,13979,40
 PA - Reading,1850,15743,41
 MA - New Bedford,1850,16443,42
 MA - Lowell,1850,33383,43
 NY - Utica,1850,17565,44
 MA - Lynn,1850,14257,45
 NY - Schenectady,1850,8921,46
 MA - Lawrence,1850,8282,47
 NH - Manchester,1850,13932,48
 PA - Harrisburg,1850,7834,49
 NY - Troy,1850,28785,50
 SC - Charleston,1850,42985,51
 ME - Portland,1850,20815,52
 PA - Allegheny,1850,21262,53
 KY - Covington,1850,9408,54
 PA - Lancaster,1850,12369,55
 GA - Augusta,1850,9448,56
 VA/WV - Wheeling,1850,11435,57
 NY - Brooklyn,1850,96838,58
 MA - Salem,1850,20264,59
 NY - Auburn,1850,9548,60
 VA - Petersburg,1850,14010,61
 MA - Taunton,1850,10441,62
 NY - Oswego,1850,12205,63
 NY - Poughkeepsie,1850,11511,64
 MA - Charlestown,1850,17216,65
 RI - North Providence,1850,7680,66
 ME - Bangor,1850,14432,67
 IN - New Albany,1850,8181,68
 MA - Gloucester,1850,7786,69
 MA - Roxbury,1850,18364,70
 MA - Newburyport,1850,9572,71
 VA - Alexandria,1850,8734,72
 NH - Concord,1850,8576,73
 RI - Newport,1850,9563,74
 CT - New London,1850,8991,75
 MA - Dorchester,1850,7969,76
 NC - Wilmington,1850,7264,77
 PA - Spring Garden District,1850,58894,78
 PA - Northern Liberties,1850,47223,79
 PA - Kensington,1850,46774,80
 PA - Southwark,1850,38799,81
 NY - Williamsburg,1850,30780,82
 PA - Moyamensing,1850,26979,83
 LA - Lafayette,1850,14190,84
 NH - Portsmouth,1850,9738,85
 VA - Portsmouth,1850,8626,86
 MA - Nantucket,1850,8452,87
 DC - Georgetown,1850,8366,88
MA - Chicopee,1850,8291,89
 ME - Augusta,1850,8225,90
 NH - Dover,1850,8196,91
 MA - Danvers,1850,8109,92
 VA - Lynchburg,1850,8071,93
 ME - Bath,1850,8020,94
 IN - Madison,1850,8012,95
 OH - Zanesville,1850,7929,96
 RI - Warwick,1850,7740,97
 NY - Watervliet,1850,7564,98
 PA - Pottsville,1850,7515,99
 PA - Easton,1850,7250,100
 NY - New York City,1840,312710,1
 IL - Chicago,1840,4470,2
 PA - Philadelphia,1840,93665,3
 MI - Detroit,1840,9102,4
 MD - Baltimore,1840,102313,5
 OH - Columbus,1840,6048,6
 DC - Washington,1840,23364,7
 MA - Boston,1840,93383,8
 OH - Cleveland,1840,6071,9
 LA - New Orleans,1840,102193,10
 MO - St. Louis,1840,16469,11
 PA - Pittsburgh,1840,21115,12
 OH - Cincinnati,1840,46338,13
 NY - Buffalo,1840,18213,14
 NJ - Newark,1840,17290,15
 KY - Louisville,1840,21210,16
 VA - Norfolk,1840,10920,17
 NY - Rochester,1840,20191,18
 KY - Lexington,1840,6997,19
 VA - Richmond,1840,20153,20
 AL - Mobile,1840,12672,21
 OH - Dayton,1840,6067,22
 MA - Worcester,1840,7497,23
 RI - Providence,1840,23171,24
 MA - Springfield,1840,10985,25
 CT - Hartford,1840,9468,26
 NJ - Paterson,1840,7596,27
 TN - Nashville,1840,6929,28
 CT - New Haven,1840,12960,29
 NY - Albany,1840,33721,30
 MA - Cambridge,1840,8409,31
 GA - Savannah,1840,11214,32
 MA - Fall River,1840,6738,33
 DE - Wilmington,1840,8367,34
 PA - Reading,1840,8410,35
 MA - New Bedford,1840,12087,36
 MA - Lowell,1840,20796,37
 NY - Utica,1840,12782,38
 MA - Lynn,1840,9367,39
 NY - Schenectady,1840,6784,40
 PA - Harrisburg,1840,5980,41
 NY - Troy,1840,19334,42
 SC - Charleston,1840,29261,43
 ME - Portland,1840,15218,44
 PA - Allegheny,1840,10089,45
 PA - Lancaster,1840,8417,46
 GA - Augusta,1840,6403,47
 VA/WV - Wheeling,1840,7885,48
 NY - Brooklyn,1840,36233,49
 MA - Salem,1840,15082,50
 NY - Auburn,1840,5626,51
 VA - Petersburg,1840,11136,52
 MA - Taunton,1840,7645,53
 MA - Charlestown,1840,11484,54
 ME - Bangor,1840,8627,55
 IN - New Albany,1840,4226,56
 MA - Gloucester,1840,6350,57
 MA - Roxbury,1840,9089,58
 MA - Newburyport,1840,7161,59
 VA - Alexandria,1840,8459,60
 NH - Concord,1840,4897,61
 RI - Newport,1840,8333,62
 CT - New London,1840,5519,63
 NH - Nashua,1840,6054,64
 MA - Haverhill,1840,4336,65
 MA - Dorchester,1840,4875,66
 NC - Wilmington,1840,5335,67
 PA - Spring Garden District,1840,27849,68
 PA - Northern Liberties,1840,34474,69
 PA - Kensington,1840,22314,70
 PA - Southwark,1840,27548,71
 PA - Moyamensing,1840,14573,72
 NH - Portsmouth,1840,7887,73
 VA - Portsmouth,1840,6477,74
 MA - Nantucket,1840,9012,75
 DC - Georgetown,1840,7312,76
 ME - Augusta,1840,5314,77
 NH - Dover,1840,6458,78
 MA - Danvers,1840,5020,79
 VA - Lynchburg,1840,6395,80
 ME - Bath,1840,5141,81
 OH - Zanesville,1840,4766,82
 RI - Warwick,1840,6726,83
 PA - Pottsville,1840,4345,84
 PA - Easton,1840,4865,85
 NY - Hudson,1840,5672,86
 MA - Marblehead,1840,5575,87
 MA - Plymouth,1840,5281,88
 RI - Cumberland,1840,5225,89
 MA - Andover,1840,5207,90
 MD - Frederick,1840,5182,91
 MA - Middleborough,1840,5085,92
 ME - Gardiner,1840,5042,93
 PA - York,1840,4779,94
 MA - Beverly,1840,4689,95
 PA - Carlisle,1840,4351,96
 SC - Columbia,1840,4340,97
 MA - Barnstable,1840,4301,98
 NC - Fayetteville,1840,4285,99
 OH - Steubenville,1840,4247,100
 NY - New York City,1830,202589,1
 PA - Philadelphia,1830,80462,2
 MD - Baltimore,1830,80620,3
 DC - Washington,1830,18826,4
 MA - Boston,1830,61392,5
 LA - New Orleans,1830,46082,6
 MO - St. Louis,1830,4977,7
 PA - Pittsburgh,1830,12568,8
 OH - Cincinnati,1830,24831,9
 NY - Buffalo,1830,8668,10
 NJ - Newark,1830,10953,11
 KY - Louisville,1830,10341,12
 VA - Norfolk,1830,9814,13
 NY - Rochester,1830,9207,14
 KY - Lexington,1830,6026,15
 VA - Richmond,1830,16060,16
 AL - Mobile,1830,3194,17
 OH - Dayton,1830,2950,18
 MA - Worcester,1830,4173,19
 RI - Providence,1830,16833,20
 MA - Springfield,1830,6784,21
 CT - Hartford,1830,7074,22
 TN - Nashville,1830,5566,23
 CT - New Haven,1830,10180,24
 NY - Albany,1830,24209,25
 NJ - Trenton,1830,3925,26
 MA - Cambridge,1830,6072,27
 GA - Savannah,1830,7303,28
 NJ - Elizabeth,1830,3455,29
 MA - Fall River,1830,4158,30
 PA - Reading,1830,5856,31
 MA - New Bedford,1830,7592,32
 MA - Lowell,1830,6474,33
 NY - Utica,1830,8323,34
 MA - Lynn,1830,6138,35
 NY - Schenectady,1830,4268,36
 PA - Harrisburg,1830,4312,37
 NY - Troy,1830,11556,38
 SC - Charleston,1830,30289,39
 ME - Portland,1830,12598,40
 PA - Allegheny,1830,2801,41
 PA - Lancaster,1830,7704,42
 GA - Augusta,1830,6710,43
 NY - Brooklyn,1830,12406,44
 MA - Salem,1830,13895,45
 VA - Petersburg,1830,8322,46
 MA - Taunton,1830,6042,47
 MA - Charlestown,1830,8783,48
 CT - Norwich,1830,3135,49
 MA - Gloucester,1830,7510,50
 MA - Roxbury,1830,5247,51
 MA - Newburyport,1830,6375,52
 VA - Alexandria,1830,8241,53
 RI - Newport,1830,8010,54
 CT - New London,1830,4335,55
 MA - Dorchester,1830,4074,56
 NC - Wilmington,1830,3791,57
 PA - Spring Garden District,1830,11140,58
 PA - Northern Liberties,1830,28872,59
 PA - Kensington,1830,13394,60
 PA - Southwark,1830,20581,61
 PA - Moyamensing,1830,6822,62
 NH - Portsmouth,1830,8026,63
 MA - Nantucket,1830,7202,64
 DC - Georgetown,1830,8441,65
 NH - Dover,1830,5449,66
 MA - Danvers,1830,4228,67
 VA - Lynchburg,1830,4630,68
 OH - Zanesville,1830,3094,69
 RI - Warwick,1830,5529,70
 PA - Easton,1830,3529,71
 NY - Hudson,1830,5392,72
 MA - Marblehead,1830,5149,73
 MA - Plymouth,1830,4758,74
 MA - Andover,1830,4530,75
 MD - Frederick,1830,4427,76
 MA - Middleborough,1830,5008,77
 PA - York,1830,4216,78
 MA - Beverly,1830,4073,79
 PA - Carlisle,1830,3707,80
 SC - Columbia,1830,3310,81
 NC - Fayetteville,1830,2868,82
 OH - Steubenville,1830,2937,83
 NC - New Bern,1830,3796,84
 MD - Hagerstown,1830,3371,85
 VA - Fredericksburg,1830,3308,86
 CT - Middletown,1830,3123,87
 OH - Chillicothe,1830,2846,88
 MS - Natchez,1830,2789,89
 MD - Annapolis,1830,2623,90
 NY - New York City,1820,123706,1
 PA - Philadelphia,1820,63802,2
 MD - Baltimore,1820,62738,3
 DC - Washington,1820,13247,4
 MA - Boston,1820,43298,5
 LA - New Orleans,1820,27176,6
 PA - Pittsburgh,1820,7248,7
 OH - Cincinnati,1820,9642,8
 KY - Louisville,1820,4012,9
 VA - Norfolk,1820,8478,10
 KY - Lexington,1820,5279,11
 NC - Raleigh,1820,2674,12
 VA - Richmond,1820,12067,13
 RI - Providence,1820,11767,14
 CT - Hartford,1820,4726,15
 CT - New Haven,1820,7147,16
 NY - Albany,1820,12630,17
 NJ - Trenton,1820,3942,18
 GA - Savannah,1820,7523,19
 NJ - Elizabeth,1820,3515,20
 PA - Reading,1820,4332,21
 MA - New Bedford,1820,3947,22
 NY - Utica,1820,2972,23
 MA - Lynn,1820,4515,24
 NY - Schenectady,1820,3939,25
 PA - Harrisburg,1820,299,26
 NY - Troy,1820,5264,27
 SC - Charleston,1820,24780,28
 ME - Portland,1820,8581,29
 PA - Lancaster,1820,6633,30
 NY - Brooklyn,1820,7175,31
 MA - Salem,1820,12731,32
 VA - Petersburg,1820,6690,33
 MA - Taunton,1820,4520,34
 MA - Charlestown,1820,6591,35
 CT - Norwich,1820,2983,36
 MA - Gloucester,1820,6384,37
 MA - Roxbury,1820,4135,38
 MA - Newburyport,1820,6852,39
 VA - Alexandria,1820,8218,40
 RI - Newport,1820,7319,41
 CT - New London,1820,333,42
 NC - Wilmington,1820,2633,43
 PA - Spring Garden District,1820,3498,44
 PA - Northern Liberties,1820,19678,45
 PA - Kensington,1820,7118,46
 PA - Southwark,1820,14713,47
 NH - Portsmouth,1820,7327,48
 MA - Nantucket,1820,7266,49
 DC - Georgetown,1820,7360,50
 NY - Hudson,1820,5310,51
 MA - Marblehead,1820,5630,52
 MA - Plymouth,1820,4348,53
 MD - Frederick,1820,3640,54
 MA - Middleborough,1820,4687,55
 PA - York,1820,3545,56
 MA - Beverly,1820,4283,57
 PA - Carlisle,1820,2908,58
 NC - Fayetteville,1820,3532,59
 NC - New Bern,1820,3663,60
 CT - Middletown,1820,2618,61
 NY - New York City,1810,96373,1
 PA - Philadelphia,1810,53722,2
 MD - Baltimore,1810,46555,3
 DC - Washington,1810,8208,4
 MA - Boston,1810,33787,5
 LA - New Orleans,1810,17242,6
 PA - Pittsburgh,1810,4768,7
 OH - Cincinnati,1810,2540,8
 VA - Norfolk,1810,9193,9
 KY - Lexington,1810,4326,10
 VA - Richmond,1810,9735,11
 RI - Providence,1810,10071,12
 CT - Hartford,1810,3955,13
 CT - New Haven,1810,5772,14
 NY - Albany,1810,10762,15
 NJ - Trenton,1810,3002,16
 GA - Savannah,1810,5215,17
 NJ - Elizabeth,1810,2977,18
 PA - Reading,1810,3462,19
 MA - New Bedford,1810,5651,20
 MA - Lynn,1810,4087,21
 NY - Schenectady,1810,5903,22
 SC - Charleston,1810,24711,23
 ME - Portland,1810,7169,24
 PA - Lancaster,1810,5405,25
 NY - Brooklyn,1810,4402,26
 MA - Salem,1810,12613,27
 VA - Petersburg,1810,5668,28
 MA - Charlestown,1810,4959,29
 CT - Norwich,1810,2976,30
 MA - Gloucester,1810,5943,31
 MA - Newburyport,1810,7634,32
 VA - Alexandria,1810,7227,33
 RI - Newport,1810,7907,34
 CT - New London,1810,3238,35
 PA - Northern Liberties,1810,19874,36
 PA - Southwark,1810,13707,37
 NH - Portsmouth,1810,6934,38
 MA - Nantucket,1810,6807,39
 DC - Georgetown,1810,4948,40
 NY - Hudson,1810,4048,41
 MA - Marblehead,1810,5900,42
 MA - Plymouth,1810,4228,43
 MA - Middleborough,1810,4400,44
 PA - York,1810,2847,45
 MA - Beverly,1810,4608,46
 NY - New York City,1800,60515,1
 PA - Philadelphia,1800,41220,2
 MD - Baltimore,1800,26514,3
 DC - Washington,1800,3210,4
 MA - Boston,1800,24937,5
 VA - Norfolk,1800,6926,6
 VA - Richmond,1800,5737,7
 RI - Providence,1800,7614,8
 CT - Hartford,1800,3523,9
 CT - New Haven,1800,4049,10
 NY - Albany,1800,5289,11
 GA - Savannah,1800,5146,12
 MA - New Bedford,1800,4361,13
 NY - Schenectady,1800,5289,14
 SC - Charleston,1800,18824,15
 ME - Portland,1800,3704,16
 PA - Lancaster,1800,4292,17
 MA - Salem,1800,9457,18
 VA - Petersburg,1800,3521,19
 MA - Gloucester,1800,5313,20
 MA - Newburyport,1800,5946,21
 VA - Alexandria,1800,4971,22
 RI - Newport,1800,6739,23
 CT - New London,1800,5150,24
 PA - Northern Liberties,1800,10718,25
 PA - Southwark,1800,9621,26
 NH - Portsmouth,1800,5339,27
 MA - Nantucket,1800,5617,28
 DC - Georgetown,1800,2993,29
 NY - Hudson,1800,3664,30
 MA - Marblehead,1800,5211,31
 MA - Middleborough,1800,4458,32
 PA - York,1800,2503,33
 NY - New York City,1790,33131,1
 PA - Philadelphia,1790,28522,2
 MD - Baltimore,1790,13503,3
 MA - Boston,1790,18320,4
 VA - Norfolk,1790,2959,5
 VA - Richmond,1790,3761,6
 RI - Providence,1790,6380,7
 CT - Hartford,1790,2683,8
 CT - New Haven,1790,4487,9
 NY - Albany,1790,3498,10
 SC - Charleston,1790,16359,11
 MA - Salem,1790,7921,12
 VA - Petersburg,1790,2828,13
 MA - Gloucester,1790,5317,14
 MA - Newburyport,1790,4837,15
 VA - Alexandria,1790,2748,16
 RI - Newport,1790,6716,17
